{
    "50_maior_paises": [
        {"pais": "Rússia", "extensao": "17,098,246"},
        {"pais": "Canadá", "extensao": "9,984,670"},
        {"pais": "China", "extensao": "9,596,961"},
        {"pais": "Estados Unidos", "extensao": "9,525,067"},
        {"pais": "Brasil", "extensao": "8,515,767"},
        {"pais": "Austrália", "extensao": "7,692,024"},
        {"pais": "Índia", "extensao": "3,287,263"},
        {"pais": "Argentina", "extensao": "2,780,400"},
        {"pais": "Cazaquistão", "extensao": "2,724,900"},
        {"pais": "Argélia", "extensao": "2,381,741"},
        {"pais": "República Democrática do Congo", "extensao": "2,344,858"},
        {"pais": "Groenlândia", "extensao": "2,166,086"},
        {"pais": "Arábia Saudita", "extensao": "2,149,690"},
        {"pais": "México", "extensao": "1,964,375"},
        {"pais": "Indonésia", "extensao": "1,904,569"},
        {"pais": "Sudão", "extensao": "1,861,484"},
        {"pais": "Líbia", "extensao": "1,759,540"},
        {"pais": "Irã", "extensao": "1,648,195"},
        {"pais": "Mongólia", "extensao": "1,564,110"},
        {"pais": "Peru", "extensao": "1,285,216"},
        {"pais": "Chade", "extensao": "1,284,000"},
        {"pais": "Níger", "extensao": "1,267,000"},
        {"pais": "Angola", "extensao": "1,246,700"},
        {"pais": "Mali", "extensao": "1,240,192"},
        {"pais": "África do Sul", "extensao": "1,221,037"},
        {"pais": "Colômbia", "extensao": "1,141,748"},
        {"pais": "Etiópia", "extensao": "1,104,300"},
        {"pais": "Bolívia", "extensao": "1,098,581"},
        {"pais": "Mauritânia", "extensao": "1,030,700"},
        {"pais": "Egito", "extensao": "1,002,450"},
        {"pais": "Tanzânia", "extensao": "945,087"},
        {"pais": "Nigéria", "extensao": "923,768"},
        {"pais": "Venezuela", "extensao": "916,445"},
        {"pais": "Moçambique", "extensao": "801,590"},
        {"pais": "Pakin", "extensao": "783,562"},
        {"pais": "Gana", "extensao": "764,411"},
        {"pais": "Madagáscar", "extensao": "587,713"},
        {"pais": "Reino Unido", "extensao": "242,495"},
        {"pais": "Japão", "extensao": "377,873"},
        {"pais": "Alemanha", "extensao": "357,022"},
        {"pais": "Itália", "extensao": "301,340"},
        {"pais": "Filipinas", "extensao": "300,000"},
        {"pais": "Coreia do Sul", "extensao": "100,032"},
        {"pais": "Honduras", "extensao": "112,492"},
        {"pais": "Guiné-Bissau", "extensao": "36,125"},
        {"pais": "Taiwan", "extensao": "36,188"},
        {"pais": "Líbano", "extensao": "10,452"}
    ]
}